	created_at	favorite_count	hashtags	retweet_count	text	url	user_screen_name
0	Wed Oct 14 02:20:50 +0000 2020	0.0		0.0	 - do you care about covid &amp; the families of the 215000 dead Americans? Trump is recklessly going for herd immunity which shows he was lying that a vaccine will come soon. Why would he do nothing to stop spread of covid infections of a vaccine is close	https://twitter.com/twitter/statuses/1316202275241701377	72ce09b09afc6617c82c78cbf72a4fc3
1	Tue Oct 13 15:55:48 +0000 2020	1.0		1.0	_cordingley _terrence There has been a COVID TASK FORCE in place since April headed by Mike Pence they have worked hard to get a vaccine sooner than anyone expected.They also have a microbial sanitizer that has a 30 day FDA guarantee for surfaces as it puts up a barrier against COVID No one ignored	https://twitter.com/twitter/statuses/1316044978867580928	e812b707fc05a7e6def33d78ce907db0
2	Tue Oct 13 23:46:21 +0000 2020	2.0		0.0	 Asia has corralled their virus ... Trump’s US is drowning in virus... London  (CNN) - While the Asia-Pacific region treads water until a coronavirus vaccine is found the West's biggest economies (US) are drowning as a second wave firmly establishes itself in Europe and America!	https://twitter.com/twitter/statuses/1316163394550919168	6ea2b66224218228323d93d249b0f6c7
3	Tue Oct 13 16:39:20 +0000 2020	2.0		0.0	J&amp;amp;J Halts Vaccine Trial; Excess Deaths Up 20%; Trump Tests Negative https://t.co/A4RhSRurfF	https://twitter.com/twitter/statuses/1316055932623880193	14e7dbd3beead66e1c3d2338254162f6
4	Sat Oct 17 01:35:32 +0000 2020	1.0		0.0	 The American Pharmaceutical company Pfizer will soon have a Covid19 vaccine ready! As soon as the end of November! And then some people can stop using President Trump as a Scapegoat for all their problems! https://t.co/N9jJZpMVan	https://twitter.com/twitter/statuses/1317278036702756864	11596adc55137c3c91e60061f33642c8
5	Sun Oct 18 08:20:01 +0000 2020	0.0		0.0	  And soon there will be a vaccine for Covid. Will you give Trump credit? Probably not!	https://twitter.com/twitter/statuses/1317742218220761088	5dda481f2dd691427d9ab8df539bf2c8
6	Sat Oct 17 02:15:11 +0000 2020	8.0		1.0	Everyone with common sense knew this would be the case. Trump was trying to use the promise of a vaccine by Nov 1st as a political tool. The scientists told him it wouldn’t happen but he pushed anyway. Looks like science won. Better to have it later &amp; have it work (&amp; be safe) https://t.co/sh84K8h8jC	https://twitter.com/twitter/statuses/1317288016667242496	2b2675eb7f81ec270190992e15366241
7	Tue Oct 13 19:12:11 +0000 2020	0.0		0.0	Walter Reed Projects a 4.4 Trillion dollar profit from the Trump vaccine. Congress considers 50% percent from proceeds. Doctors notified to RNA Trump antigens next week for CDC media spin up ~ TMA https://t.co/x2yl5XkZ84	https://twitter.com/twitter/statuses/1316094401672773632	0549e87547ca8c80d78d8c230cb870ed
8	Fri Oct 16 05:52:37 +0000 2020	1.0		0.0	  ... and this is a bad thing because... We’re still in the middle of a pandemic. Trump himself tested positive. Masks and vaccines are a GOOD THING. To say otherwise is batshit insane. Be at least partially smart here.	https://twitter.com/twitter/statuses/1316980346009743360	7d0dd9feb8a5061aa153f563e21e56cf
9	Tue Oct 13 15:00:33 +0000 2020	0.0		0.0	  They honestly can’t get. They have had the vaccine from Putin. Trump didn’t have it either. People wake up!!!	https://twitter.com/twitter/statuses/1316031074376380417	f584ef8b05f94e3000831c8ba407c412
10	Fri Oct 16 01:06:23 +0000 2020	7.0		1.0	 @JoeBiden We’re also sick of gop getting rich by selling America to Russia or whoever else bids higher.  No advancement in 8 months on containment testing economic relief vaccine for COVID-19.  But trump benefited.  Did you?	https://twitter.com/twitter/statuses/1316908313142059009	c6040a3eac708d2103da91d34c176304
11	Tue Oct 13 22:53:19 +0000 2020	0.0		0.0	_H_Ebright Who the hell can Contain a previously unknown virus! He is not God &amp; only God can do that! Trump is trying his best &amp; all of the people working on a vaccine. I don't think anyone else would have gotten as far as he has with this endeavor. Give credit for trying not like Biden!	https://twitter.com/twitter/statuses/1316150051622674433	c1e8b26fd554371495053014bbc4e70c
12	Thu Oct 15 02:59:48 +0000 2020	0.0		0.0	  Who the hell can Contain a previously unknown virus! He is not God &amp; only God can do that! Trump is trying his best &amp; all of the people working on a vaccine. I don't think anyone else would have gotten as far as he has with this endeavor. Give credit for trying not like Biden!	https://twitter.com/twitter/statuses/1316574468311982081	c1e8b26fd554371495053014bbc4e70c
13	Thu Oct 15 03:08:16 +0000 2020	0.0		0.0	  Who the hell can Contain a previously unknown virus! He is not God &amp; only God can do that! Trump is trying his best &amp; all of the people working on a vaccine. I don't think anyone else would have gotten as far as he has with this endeavor. Give credit for trying not like Biden!	https://twitter.com/twitter/statuses/1316576600197009409	c1e8b26fd554371495053014bbc4e70c
14	Fri Oct 16 15:14:43 +0000 2020	0.0		0.0	Why 😭? Waiting until after election even if they know vaccine is working. Are they Anti Trump?  https://t.co/1yyGL1H8Uf	https://twitter.com/twitter/statuses/1317121804268392450	989d46a56851c04378755a00fea9e4ba
15	Tue Oct 13 21:29:33 +0000 2020	0.0		0.0	Virus we can now be treated. President Trump has done a great job handling this virus and we now have treatments and very soon a vaccine.. The unhinged Democrats have for 31/2 years try to remove Trump from office and will say and do anything to tarnish his presidency	https://twitter.com/twitter/statuses/1316128969029300228	d8c1951652c499c7a099e26a9c8b84bd
16	Tue Oct 13 20:21:32 +0000 2020	1.0	covid19	0.0	Breaking: Trump Pharmaceutical is releasing #covid19 vaccine on November 2nd 2020.This is a joke.	https://twitter.com/twitter/statuses/1316111853605453824	80226771905f0a06d1191586241280af
17	Fri Oct 16 06:32:04 +0000 2020	0.0		0.0	Trump promised the American people either Maderna or J&amp;J coronavirus Vaccine at the end of the month. What are you talking about Mr. Biden. https://t.co/irU42GgpCe	https://twitter.com/twitter/statuses/1316990274728505349	2d901bed02f1ee2c58852106f710c13a
18	Wed Oct 14 01:15:14 +0000 2020	4.0		0.0	If you don’t think Donald Trump has paid for an abortion in the past then I have a Covid vaccine to sell you.	https://twitter.com/twitter/statuses/1316185766595383300	85d8f88b7dfe34d18f2843848d789c0d
19	Fri Oct 16 05:05:19 +0000 2020	0.0		0.0	 @JoeBiden Who the hell can Contain a previously unknown virus! He is not God &amp; only God can do that! Trump is trying his best &amp; all of the people working on a vaccine. I don't think anyone else would have gotten as far as he has with this endeavor. Give credit for trying not like Biden!	https://twitter.com/twitter/statuses/1316968442881335296	c1e8b26fd554371495053014bbc4e70c
